,Segment 1,Segment 2,Segment 3,Segment 4,Segment 5
Share of all customers (%),34.2,27.0,18.3,12.3,8.1
Mobile data per month (GB),11.1,4.6,12.3,28.8,5.5
Call minutes per month,275.1,161.9,161.2,186.2,757.3
Texts per month,68.6,50.7,137.3,111.9,63.5
Average monthly spend,32.4,19.9,31.9,25.0,17.7
Bundles bought in 3 months,1.3,0.7,5.0,3.1,0.8
Months as a customer,41.7,34.0,21.8,24.7,56.7
Prepaid (%),0.0,100.0,99.7,39.6,27.2
Has home broadband (%),38.4,12.3,10.3,19.4,14.4
On Basic plan (%),18.4,52.8,37.3,65.2,58.8
On Standard plan (%),31.2,30.8,38.2,31.5,34.3
On Plus or Premium plan (%),50.3,16.4,24.6,3.4,6.8
Aged 18 to 34 (%),32.3,30.5,50.2,59.9,16.1
Aged 55 and over (%),17.3,17.5,5.5,5.8,32.5
Lives in an urban area (%),59.5,52.2,58.1,71.5,49.7
Signed up through the app (%),23.1,17.9,29.0,42.0,13.6
